ratio,word
0.4324450123745846,蛙蛙
0.3459560098996677,jan
0.3459560098996677,14:13:46
0.3459560098996677,cst
0.3459560098996677,sat
0.3459560098996677,gmt
0.26957527068920806,青蛙
0.2094351237786537,蝴蝶
0.1729189358233505,旅行
0.1691359087416314,睡觉
0.13419346787808267,评论
0.12048715973600589,竟然
0.06802142425731773,觉
0.03794542494233626,条
0.02339574971306402,小
0.016423894968331344,我
0.008874799680962445,和
0.005831942794602647,了
