ratio,word
0.41820751300310927,jan
0.41820751300310927,cst
0.41820751300310927,21:02:30
0.41820751300310927,gmt
0.34943057960570245,mon
0.32587496761443596,青蛙
0.20903235102867665,旅行
0.16221922688619114,评论
0.045870172336601005,条
