ratio,word
0.3810237712090835,wed
0.3810237712090835,jan
0.3810237712090835,cst
0.3810237712090835,17:03:36
0.3810237712090835,gmt
0.3333957998079481,哈-第二日
0.29690071374247934,青蛙
0.19044682894794185,旅行
0.14779596173906845,评论
0.11170432413738501,蛙
0.06285595111311741,哈
0.01610164314033629,还
