ratio,word
0.4140417155832075,jan
0.4140417155832075,cst
0.4140417155832075,20:57:35
0.4140417155832075,gmt
0.3459498745449462,sun
0.322628901828696,青蛙
0.2069501635941702,旅行
0.16060334860612802,评论
0.1453237911253942,消费
0.01994130429132871,什么
0.017496944950122547,还
0.007905226046312245,是
