ratio,word
0.40222805983078336,01:27:47
0.40222805983078336,jan
0.40222805983078336,cst
0.40222805983078336,sat
0.40222805983078336,gmt
0.31342348450349194,青蛙
0.2010453528019396,旅行
0.15602092948817303,评论
0.14483387119660857,故事
0.08246888177380078,背后
0.016997712924507184,还
