ratio,word
0.4604481232065174,青蛙
0.3693189175491162,蛙仔
0.29545513403929297,thu
0.29545513403929297,jan
0.29545513403929297,07:20:42
0.29545513403929297,cst
0.29545513403929297,gmt
0.2953542409998121,旅行
0.2127743690772154,故事
0.16991426252660222,游戏
0.14101827922876506,最近
0.11460459684054923,评论
0.09079318249514383,火
0.07818976435159791,喜欢
0.0653939142625166,希望
0.028485506524121358,很
0.02805283880296174,我
0.014014688088579289,大家
0.01248560717664617,还
0.010400864275607932,中
0.005641073189531587,是
