ratio,word
0.5179614471597999,青蛙
0.33235963202991886,jan
0.33235963202991886,cst
0.33235963202991886,10:39:49
0.33235963202991886,tue
0.33235963202991886,gmt
0.2499524324048423,映射
0.24709353490082187,育儿
0.16612306835751006,旅行
0.12891954563157637,评论
0.07931624465820174,最近
0.04392704528655607,热
0.040698001441298814,经
0.02356013950333832,所
0.022429928119395596,只
0.01887164395876158,出
0.014045150443547068,还
0.012813539851401259,大
