ratio,word
0.31552716457178054,阻滞
0.3040711841249356,美指
0.3003419705040106,总统
0.28677950114197054,黄金
0.2787648599575943,特朗普
0.2348742691611081,财长
0.22938483386942038,收复
0.21076507397537003,金价
0.18665704471188085,弱势
0.1813756913415043,现货
0.17878139043054153,交易日
0.17387200346477197,高位
0.1723904182828677,跌幅
0.16795424279443466,美国
0.15120749390021865,反弹
0.14055244079251802,支撑
0.13713243395090108,周五
0.13280341983171334,维持
0.12480576003787314,运行
0.11719768135814523,究竟
0.11643659831741018,26日
0.10705468703406489,美元
0.10034836826657155,明显
0.10007594340624268,个人
0.09502798800824118,1月
0.09393256546386743,重新
0.09011929354359216,价格
0.08585678293102739,依然
0.08449653986633056,支持
0.06569419610267384,录
0.06487278561179219,强
0.05989771111749777,走
0.053863766267494714,唱
0.051472836087934556,进而
0.049265877414731846,哪
0.04631119458376882,得
0.03083115774654186,尽管
0.0198109970819509,出
0.011513842431987813,上
0.008309256349476794,但
0.00447520107180837,和
