ratio,word
0.45150774293334156,2018-01-24
0.45150774293334156,nova2
0.45150774293334156,02:09:58
0.35182311778549,青蛙
0.22908033839518227,虚拟
0.22567678025503587,旅行
0.2149948195871986,按键
0.20525228569218618,退出
0.19015614122827187,回答
0.12801397512707255,手机
0.0879266177681876,划
0.08417255453374367,下面
0.055596584032169896,数
0.029243983082336368,怎么
0.02563696835629859,出
0.022262747350509038,从
0.014899806045461874,上
0.010805718081237122,z
0.00909893099492902,t
