ratio,word
0.4397480102991116,青蛙
0.3527156501954154,雨蛙
0.3527156501954154,雨蛙科
0.3527156501954154,无尾目
0.2821725201563323,2018-01-24
0.2821725201563323,04:23:13
0.2741622411954279,生物
0.2114937079488096,高处
0.16830916914239613,原型
0.14103808145485486,旅行
0.1379525264856612,睡觉
0.1272987975432048,绿色
0.11883924126082275,回答
0.0997762010397916,大多
0.094526447258075,日本
0.08113776026186723,游戏
0.07766329989130957,来自
0.07601141545119121,栖
0.0746746301405815,喜欢
0.07137262882581567,生活
0.05412218936078207,树
0.04880810424070786,床
0.03474542457792747,数
0.021889513594730545,里
0.020305781859393173,为什么
0.018454615552877845,过
0.017228914985381642,着
0.017227474124398335,高
0.01437445142860888,那么
0.009933278343580747,中
0.006753099477923411,z
0.005686432469324749,t
