ratio,word
0.5380851707046008,2018-01-24
0.5380851707046008,07:37:33
0.4192858380711739,青蛙
0.2689507117611569,旅行
0.22661892584298143,回答
0.21044796472748376,文章
0.14847247785865358,直接
0.14327781986218707,起来
0.08537321869496813,篇
0.08394329006115216,还是
0.08267662239238026,火
0.06625732975294608,数
0.06604818805927684,转
0.04871118796316952,吧
0.03872184326116692,为什么
0.022316637421675,会
0.012877734101642368,z
0.010843667499094442,t
