ratio,word
0.5507617723970103,2018-01-25
0.5507617723970103,14:41:37
0.4291636787065819,青蛙
0.2752868481825003,旅行
0.23195777927228406,回答
0.19499439872745106,力量
0.14594388102071876,朋友
0.08462437837675268,火
0.07626394640369816,圈
0.06781826810287475,数
0.0396340805993098,为什么
0.028056943112919557,那么
0.013181117124990725,z
0.011099130502453087,t
