ratio,word
0.5296904597895075,10:00:08
0.5296904597895075,2016-10-11
0.4127445252957426,青蛙
0.3009186497344237,好玩
0.2647547896310468,旅行
0.22308342537964457,回答
0.1523107123102852,游戏
0.15018077188224976,手机
0.06522364371295791,数
0.0649909930160055,玩
0.034642756112560784,过
0.03189746810663731,你
0.025511242566459844,什么
0.024668766403117062,最
0.012676827514896691,z
0.010674494552374705,t
0.010113287288728815,是
