ratio,word
0.7933275383407731,青蛙
0.3393689500353797,23:29:13
0.3393689500353797,2018-01-25
0.16962653057718144,旅行
0.1498217388350594,积累
0.1429279807521382,回答
0.14111526142437542,人生
0.12663293891029626,中央
0.11041483311830316,经验
0.10300533858447175,体验
0.048219904345853666,可以
0.04178832953333604,数
0.03748024924293202,之后
0.02689283068585678,怎样
0.026466536936599987,天
0.026326522658241806,里
0.0247347040402366,去
0.0244679663216016,再
0.023662898617257375,做
0.013827455318656503,这样
0.012153963824680897,就
0.008121954179087372,z
0.0068390735408701865,t
0.0064795119963949105,是
0.00572090163557121,了
