ratio,word
0.5214728208216267,图点赞
0.41899119241493726,汉化版
0.41717825665730135,03:56:58
0.41717825665730135,2018-01-23
0.3250729521844678,青蛙
0.20851789859277836,旅行
0.1756980001603246,回答
0.13724504738719362,资源
0.051369409197631416,数
0.03464066244163041,没
0.025594307671365325,看
0.0228722388481512,有
0.019788531221162683,大家
0.0099841269648532,z
0.00840711201373567,t
