ratio,word
0.4918001862282624,生育
0.3827937375022565,12:21:36
0.3827937375022565,2018-01-24
0.2982799039543541,青蛙
0.28197802851792014,洋葱
0.19444524233672336,意愿
0.19133150988742728,旅行
0.18721434203339868,爆料
0.18138529654746513,最先
0.16121668154985233,回答
0.1580661601807804,发出
0.15253966758236834,评价
0.1485814515218059,测试
0.12823407473796997,日本
0.12306041476490054,部门
0.10063113701721371,新闻
0.06682174470312535,器
0.06246773414794954,么
0.06238183678026547,信
0.04713545786782789,数
0.023051483763273525,你
0.021513732651306586,如何
0.020240994761253128,被
0.012589095900587245,为
0.009161218772992653,z
0.007714183992052202,t
