ratio,word
0.49004645684547604,23:44:42
0.49004645684547604,2018-01-22
0.4547186510814599,三叶
0.38185319079358887,青蛙
0.24493955704454598,旅行
0.206387032591997,回答
0.14613747223540208,笔
0.10461694779180483,买
0.09982229680802794,草
0.09603074823138667,账
0.0814306367694885,旅
0.060342063772091135,数
0.035395046416549794,到
0.023264436247739103,我
0.016521886142977373,了
0.014534679125094721,也
0.013295289197948923,不
0.011728046622144243,z
0.009875575701488552,t
0.009356371275539666,是
