ratio,word
0.4517378628023237,2018-01-24
0.4517378628023237,15:43:12
0.45158360179692636,旅行
0.35200243140975634,青蛙
0.3345358387194057,企鹅
0.28403449719882345,抄袭
0.19025305807408566,回答
0.1689344599007355,腾讯
0.0556249199330123,数
0.049919579648435325,吗
0.02388655513045748,被
0.018735454241567015,会
0.010811225429600536,z
0.009103568445429484,t
