ratio,word
0.3620625442909192,2018-01-21
0.3620625442909192,23:13:18
0.2821257778176892,青蛙
0.2806279449947447,大儿子
0.2615317797444586,明信片
0.24447311502283645,地道
0.23912389649856544,冰冷
0.23830521574751165,相册
0.2274505086172993,想念
0.21336541836969575,大半夜
0.18904715595774108,奇怪
0.18096945296148356,旅行
0.17846738580838,消失
0.1524855716944281,回答
0.14262669581988452,收到
0.13681679949965003,照片
0.11345857045905296,小时
0.10614548188723347,蛙
0.10394304035740627,同样
0.09751354985632474,超过
0.09719603969777084,刚刚
0.09368240264852047,知道
0.05850799766505558,现在
0.045458974788013896,已经
0.04458271421392465,数
0.0432503750951367,似的
0.04096037459549332,张
0.03214909700563239,哪里
0.030957049535268046,它
0.02808697665175866,里
0.017548857659418417,好
0.015462872315391665,个
0.0099252308321931,有
0.009822999772470246,不
0.008665069077144713,z
0.007296402238749364,t
0.0061279118661081294,在
0.0061034582026347865,了
