ratio,word
0.42085094290441716,收取
0.39019037688597036,2018-01-28
0.39019037688597036,13:15:42
0.30404350107941464,青蛙
0.24657415593161439,bug
0.23395218312092714,可行
0.21247684961374125,wifi
0.19502856666430426,旅行
0.19134322766750939,邮件
0.16433183610761534,回答
0.15260552630427687,感谢
0.15150298045557428,邀请
0.1390065459310046,一直
0.13251162734049077,升级
0.1272531194669841,领
0.11219793209743216,游戏
0.10504801953171919,重新
0.07589887051129456,可能
0.06688148654085833,关
0.06325490697201401,时间
0.0608599462094679,天
0.055440966676982666,可以
0.05054496167180191,怎么
0.048046245976090786,数
0.04430035166972519,这个
0.04282552312810533,话
0.04259648599760646,段
0.03858138543977838,开
0.032158966412832043,或者
0.0302689913059091,里
0.028953029686217685,本身
0.028385765670474346,把
0.02813211108342013,再
0.025668362848279433,不过
0.025519187318005395,过
0.02117225348939303,不
0.01973286682601676,了
0.017777088233781477,等
0.014899673217876434,是
0.014570951534593504,都
0.011572967922765036,也
0.009338238992866905,z
0.009292527239976884,但
0.00786324347641352,t
0.0066039756894585525,在
