ratio,word
0.3799334502050231,09:02:38
0.3799334502050231,2018-01-22
0.3525437712376514,三叶
0.29605111561035563,青蛙
0.26753254459234377,附上
0.24002504577565661,攻略
0.20130131929675216,会长
0.1899018546092025,旅行
0.1847227898264191,规律
0.18380625558900518,刷新
0.1801427469008654,链接
0.16001204839846372,回答
0.14859398786782854,感谢
0.1481345943298313,里面
0.14752042461993425,邀请
0.12453885566783228,视频
0.11905872841461675,小时
0.11138467591579275,蛙
0.1022178497304007,微博
0.10199350165027453,刚刚
0.09398235377389626,梨
0.08643954126180221,还有
0.07739231475684945,草
0.06396257278234556,养
0.06313324450783528,旅
0.059509867747028,满
0.04678325526318671,数
0.030107309308031557,怎样
0.023309301153676337,看
0.02038531137411601,说
0.017410401423193774,其他
0.016226098284682012,个
0.013374742199674744,中
0.009092764890088123,z
0.007656542551455599,t
0.0072540029020878635,是
