ratio,word
0.3496988339868664,2018-01-25
0.3496988339868664,09:47:54
0.3346216601786424,意思
0.31472895058817973,ಥ
0.2979642253782548,求解
0.27249174789317776,青蛙
0.2501807788112788,运行
0.23717252590977078,啊啊
0.2011094499220613,游戏
0.17478970881070258,旅行
0.17023694295885125,等到
0.17007211240264974,时间
0.158826962961208,停止
0.15509885547801663,调
0.147278495006421,回答
0.12293493675384222,正常
0.09076712573148443,一样
0.09048333634023296,知道
0.08225013148789398,贱
0.07620142396925253,中间
0.05651006679646038,现在
0.04306030386852742,数
0.040727317528163894,手
0.038658927780059006,啊
0.03862109204870998,之后
0.038063589009473514,完
0.03679124764904425,怎么办
0.03595988821906308,跟
0.026468756862992143,这个
0.02621907041441294,那个
0.025812023191038442,才
0.02287096396538473,过
0.021058539374971926,你
0.017714703236578866,要
0.016842387122834566,什么
0.016601581575686194,我
0.014777885940240758,还
0.014503469914713055,会
0.01163227420598446,这
0.009487564015807127,不
0.008369174333201407,z
0.007047244724490571,t
0.0066767386636490825,是
0.005895037336516038,了
