ratio,word
0.6267551551881559,青蛙
0.40216914577992446,2018-01-26
0.40216914577992446,03:08:39
0.2955934001101724,变异
0.20101590583559695,旅行
0.1848700515531456,分明
0.16937679160437158,回答
0.13248286647278615,操作
0.11641294871253131,兄
0.11532624256335604,存在
0.10935548100022482,泻
0.08920484844480457,喂
0.08888391413712096,吗
0.07432775740250973,药
0.06376484793868589,贵
0.05678715370350558,哪
0.04952125640910784,数
0.044459478988877706,啊
0.03640713017127145,吧
0.02675526096306238,这
0.02182223756521192,不
0.019876540778469717,这种
0.016679632699787745,会
0.01535709029591098,是
0.009624921118819883,z
0.00810464352608306,t
