ratio,word
0.5531308804427654,谢邀
0.44250470435421235,02:32:15
0.44250470435421235,2018-01-27
0.3448077849323391,青蛙
0.2834223502432512,谣言
0.22117679815982358,旅行
0.1863644386443602,回答
0.07778205588300824,撞
0.05960688616363362,死
0.05448799132530391,数
0.048899263605635936,吗
0.047841857721442706,车
0.03670503326277232,会
0.02339833316267531,被
0.012005449552096793,不
0.010590252680514339,z
0.008917498831121643,t
0.008448664911817628,是
