ratio,word
0.45998515579761823,汉化版
0.4579948429890822,06:04:21
0.4579948429890822,2018-01-23
0.35687798517750735,青蛙
0.2894220322201024,bug
0.22891922266424158,旅行
0.21715500185088216,链接
0.1928882359346598,回答
0.09131112161443311,汉
0.060099998807636466,化
0.0563953756564972,数
0.05121322046567052,发
0.05061101122083875,吗
0.021957793855492687,能
0.010960970732967305,z
0.009229661146710932,t
