ratio,word
0.46487174107881096,16:03:44
0.46487174107881096,2018-01-24
0.3713279790749094,没意思
0.3622365903498192,青蛙
0.2640949521362277,好玩
0.23235649753565196,旅行
0.228669062016181,浪费
0.19578449723876762,回答
0.1505912839811955,真的
0.13547084282709387,觉得
0.13100626485316974,感觉
0.11590932468466507,卸
0.07536172206638464,时间
0.0572421652155031,数
0.05137094721512269,吗
0.022069293293786044,我
0.013788002130245395,也
0.012612282266833579,不
0.01112555223393611,z
0.009368246635347476,t
0.007836561074875443,了
