ratio,word
0.5256720659262062,稀有
0.38857448546372014,16:51:51
0.38857448546372014,2018-01-21
0.35481288744975903,qwq
0.3027843688340063,青蛙
0.2806823802932736,明信片
0.1942208968532707,旅行
0.16365129035328851,回答
0.16201055857438582,可爱
0.1125970745816733,取得
0.1005422736490086,知道
0.06456911858392349,旅
0.05920178114080822,挺
0.04784727254839198,数
0.022256954030054954,是
0.02183862162932123,如何
0.02108457305227857,不
0.016420727973277312,还
0.009299566639109944,z
0.007830679506522702,t
