ratio,word
0.48066857022048554,福本澹
0.38453485617638844,11:10:05
0.38453485617638844,2018-01-25
0.3364679991543399,岩井俊二
0.2996366155721615,青蛙
0.23655341460645854,属实
0.19929080717703224,传言
0.19220177194288451,旅行
0.16932638126829094,杂志
0.1619499677751171,回答
0.14310796261039002,散
0.11216137295873727,根本
0.11057170611612167,游戏
0.10990983021680253,是否
0.07479877256055512,可能
0.06962150483749897,吧
0.0619125319521007,假
0.051798150782387316,死
0.05169357929883513,生
0.047349851202585495,数
0.029105500574419234,这个
0.028830941058452412,那个
0.024033428511024277,p4
0.016235985492390935,人
0.01594826512324665,会
0.014359756376937705,都
0.01296456901790396,了
0.011405226318574596,也
0.009202888130457968,z
0.007749271582282626,t
0.007341856741364075,是
