ratio,word
0.5722001018419336,青蛙
0.3111660059202153,下载
0.2447752515668018,taptap
0.2447752515668018,2018-01-23
0.2447752515668018,05:27:36
0.24469166486860286,旅行
0.22229112688676098,后来
0.21229324465110502,痛心疾首
0.18932727135909452,修好
0.18057959985298008,拉扯
0.15500718552951087,应用
0.1546815468123936,bug
0.12019034170768535,辛苦
0.11586083333159043,网页
0.10602435779672031,搜索
0.10308907883556338,回答
0.09771244050120897,问题
0.09129523742494122,遇到
0.06945230133233984,结果
0.06898051355379174,感觉
0.0675402150016687,直接
0.06071344995963195,发现
0.059068858804649675,娃
0.05538948276095614,盗
0.05417679359877564,希望
0.05384004139044784,出现
0.04840595199802867,开
0.04648178274163748,我
0.04207156065781324,游
0.04173066242823895,打
0.04120841382934255,养
0.04115126935577881,丢
0.03955479536051258,现在
0.03906739612889436,戏
0.03477937276098172,可以
0.033047868079147356,帮
0.030759161870563066,之前
0.030732900061499348,已经
0.030140497158070535,数
0.028884038914665542,了
0.027271284514961268,版
0.02379588842462946,然后
0.021926205567861654,像
0.021415676433871298,那
0.021010813495620236,走
0.020325069028120802,没
0.020130092815040537,有
0.019396881758887322,怎样
0.018988423089025794,里
0.01852707527198315,这个
0.018067387866302825,才
0.017840298599056035,去
0.01651912798349742,只
0.014740138576875395,你
0.014148660448130287,因为
0.013281833640958293,不
0.01270667435840181,一样
0.011735338502399516,能
0.010151851112831447,会
0.009436878424229458,大
0.009140687568750859,都
0.008839806175316892,到
0.008766239670452845,就
0.007259984618988163,也
0.005858088600011554,z
0.004932790540430517,t
0.004673451059038634,是
0.004142823366452897,在
