ratio,word
0.536375396433852,谢邀
0.4291003171470816,04:48:42
0.4291003171470816,2018-01-22
0.33436284047008447,青蛙
0.30370900023601205,扬州
0.21447689324447494,旅行
0.1807190724535662,回答
0.14516873667406685,确定
0.1314579685796925,上海
0.1142580418309997,起来
0.06593113287765345,火
0.05283743681893078,数
0.03810167038439812,哪里
0.021157891748667376,从
0.020685272441348344,很
0.011641779532753534,不
0.010269451915789955,z
0.009536432695425603,并
0.00864736925718652,t
0.00819273729173373,是
