ratio,word
0.5065114399439039,2018-01-27
0.5065114399439039,01:54:55
0.4431975099509159,小蛙
0.3946830077316995,青蛙
0.253169237334116,旅行
0.21332139352021698,回答
0.0682288107769967,死
0.06236948596085113,数
0.061208871913632466,图
0.05663837145618198,发
0.05599443656509441,啊
0.053748987648830765,吃
0.039762687439799826,别人
0.02678281904326844,被
0.024046093872771703,我
0.021007143052013427,会
0.012122095159203799,z
0.010207383400005442,t
