ratio,word
0.4889135942913804,07:51:48
0.4889135942913804,2018-01-22
0.38097044350510395,青蛙
0.2742690564354285,没法
0.2619106778751903,随机
0.24437331919440675,旅行
0.2319661270517354,上下
0.20590991835597242,回答
0.15129575299360254,控制
0.14333426609734928,蛙
0.12591028074762217,应该
0.08136247307698444,呀
0.07536300672198344,楼
0.06020256829461275,数
0.03166674570693299,怎么
0.016263071074593197,这
0.01554339779814394,自己
0.011700934366427834,z
0.0098527458865678,t
0.009334741728968702,是
