ratio,word
0.5518569969271453,隧道
0.3967592719146268,06:27:51
0.3967592719146268,2018-01-24
0.31945283121933243,凄凉
0.3091621046151433,青蛙
0.19831189259415294,旅行
0.18982654981390076,意思
0.16709837942903805,回答
0.14992805693690775,照片
0.10577565978521282,犬
0.10564647863385232,起来
0.093660788989944,鸣
0.0816314178140561,特别
0.07734745882463948,里面
0.07498797681537535,寄
0.0488551094566737,数
0.04488563829126774,张
0.03591739100532402,吧
0.024341582320748033,看
0.01919665734232423,来
0.019108937756455592,什么
0.01645526265556082,会
0.015150510745215342,是
0.010764345274586825,不
0.009495449204421086,z
0.00799562198711273,t
0.006715154297762697,在
