ratio,word
0.4730524980438864,03:13:06
0.4730524980438864,2018-01-24
0.4074426638915869,水沟
0.36861118628166156,青蛙
0.23644547922161996,旅行
0.22632848162862942,意思
0.21548295132483558,看上去
0.19922988926393764,回答
0.14538663394289167,有点
0.10465323380282916,哎
0.08021541185453004,照
0.06293228636148925,排
0.06172821583850431,拍
0.05824950595145749,数
0.057165559309773704,图
0.042374571163171816,像
0.036697014582482965,里
0.02278341397551901,什么
0.017902707039945332,这个
0.011321338363497068,z
0.009533107912427494,t
0.0090319085929352,是
0.00800641784621058,在
