ratio,word
0.5327797721068107,2018-01-25
0.5327797721068107,03:46:45
0.4151517741376461,青蛙
0.3608576130750182,中文版
0.2662989183151791,旅行
0.22438451427236392,回答
0.0656040474037888,数
0.04423970795880116,没
0.043815321172529995,有
0.012750762543671159,z
0.010736751379720135,t
