ratio,word
0.35154604558076274,09:40:57
0.35154604558076274,2018-01-27
0.33638922972757046,意思
0.3056270860939835,护身符
0.2922832335680888,便当
0.27393112906071193,青蛙
0.2464486901447256,教程
0.1927403277230058,翻译
0.1889869100583384,道具
0.1854596032789809,感叹
0.17979755535308878,进去
0.17571299921155367,旅行
0.15477115352452522,儿子
0.14805646312374587,回答
0.1294149464845599,赶紧
0.12919276876273306,左下角
0.12245628741232194,看看
0.104689492205169,呱
0.09921941794296806,准备
0.07016726944895199,问题
0.06553714561022998,下面
0.05742002916886183,点
0.051238896202739144,包
0.04995011090230934,可以
0.047062861914862586,往
0.044341408800676545,问
0.043287760996810636,数
0.042825194016272015,放
0.04244376629406731,见
0.0423395534870797,你
0.03897269697470932,号
0.03730467383719579,吃
0.033378551977317254,我
0.03182437732221836,吧
0.027271159996907234,里
0.026608572583839463,这个
0.025180134601310928,就
0.02156770518995932,看
0.020810283168827874,给
0.02013602145442247,是
0.01790848220911279,那么
0.016931353541188018,什么
0.015013736442807539,个
0.01484311865174197,人
0.013934966282589823,ok
0.013553238211089757,大
0.011852353298272635,了
0.011601058846018003,上
0.00953768010583816,不
0.008413382761589275,z
0.007084470333771821,t
0.004509100353638284,和
