ratio,word
0.4715596642978241,谢邀
0.3772477314382593,03:33:04
0.3772477314382593,2018-01-26
0.3358871767013113,found
0.3152068993328373,answer
0.29851057560988337,number
0.2939583542683705,青蛙
0.24435079386777142,not
0.18855945379008018,旅行
0.056929885679980724,断
0.0443181368082205,重
0.04367109082417857,线
0.039654740879876985,连
0.02714761216752143,为什么
0.01564603765168411,会
0.015370811472243536,这样
0.009028488872027847,z
0.007602419072704587,t
