ratio,word
0.39923894055635667,2018-01-26
0.39923894055635667,10:15:08
0.3408865032060519,楼主
0.3110943079189904,青蛙
0.2798834326022248,教程
0.27040893569601093,中文版
0.2648091662548465,拿走
0.25881471715921783,二维码
0.19955130353211242,旅行
0.19550899217567563,识别
0.18023423575035546,微信
0.16814271195226949,回答
0.14540033278521788,自动
0.08295809415994441,谢
0.0788823559211994,扫
0.04916044443302697,数
0.0441181528779249,吗
0.03881211529121283,然后
0.02188869688237145,有
0.010831620348707563,不
0.009554793923746028,z
0.008045593076677678,t
