ratio,word
0.4821209505149682,17:31:18
0.4821209505149682,2018-01-26
0.37567749083966906,青蛙
0.30829834686840485,智商
0.24097815709392773,旅行
0.2122578722974133,儿子
0.2030491414380194,回答
0.18657714592409833,图片
0.156288822405316,电脑
0.1561790200535654,真的
0.15407920422646618,肯定
0.14134287411741486,蛙
0.07521266334220186,还是
0.0680765215528386,哪
0.05936615342371285,数
0.05826142744222652,图
0.053298087370550265,啊
0.05327708206726723,吗
0.029578607574525972,看
0.029434922278134372,高
0.026432790678576807,有
0.02456023776536637,那么
0.020590295284447054,个
0.018410101939198516,是
0.015739468185393356,p
0.011538369283496318,z
0.009715858318276788,t
0.008159901487037366,在
