ratio,word
0.42861755733130935,三叶草
0.405501221648558,破解
0.34289404586504746,2018-01-27
0.34289404586504746,15:58:05
0.2742501876264211,汉化
0.26806984945902473,请勿
0.2671893321309713,青蛙
0.2279788273885148,盗版
0.17138847661106668,旅行
0.16420754250050276,中文
0.1597871474782175,无限
0.15040295836702078,传播
0.14441260339908238,回答
0.12663511218936221,软件
0.04222239359886528,数
0.03820304962783321,版
0.03789172447788546,吗
0.00939976423924324,有
0.008206318605480737,z
0.00691011241939811,t
