ratio,word
0.5490338849723398,2018-01-28
0.5490338849723398,03:32:37
0.4278172771211286,青蛙
0.2744231994926475,旅行
0.23123006549484681,回答
0.14548601591576457,朋友
0.14529728930457644,喜欢
0.13472871457026958,玩
0.1310246544688345,最近
0.06760550400323892,数
0.03984419136518308,多少
0.023181529705470938,人
0.02050267408598716,都
0.015050681516140743,有
0.013139764424667577,z
0.011064309552668393,t
0.009292403513339143,在
