ratio,word
0.48205607563974334,国区
0.38564486051179464,2018-01-30
0.38564486051179464,01:30:28
0.3005015513172295,青蛙
0.2942767155646411,appstore
0.2529743086647179,抱歉
0.2514142522244291,上架
0.19275658458653078,旅行
0.16341462924458075,下载
0.16241745508728633,回答
0.1512478040041468,渠道
0.10641000929028466,直接
0.10486229403488238,泻
0.09931540710438723,应该
0.08939458575319205,了解
0.07127378600876308,药
0.05479510804807035,可以
0.047486532024288694,数
0.031111863766947963,太
0.027751888838821348,为什么
0.014726099719928491,是
0.013927167054717637,到
0.010462803835399909,不
0.009229453331398768,z
0.007771640750940326,t
0.006527042783345738,在
