ratio,word
0.5016112221756475,2018-01-23
0.5016112221756475,03:59:17
0.3908646681350066,青蛙
0.3090611771048048,男朋友
0.25071996512163064,旅行
0.24952918704554747,模拟
0.21125762713619858,回答
0.1632052026358192,吸引
0.14423662186169317,游戏
0.11930988317201656,佛
0.08335234478669903,旅
0.061766095712969996,数
0.05158119423281047,跟
0.03020656246600577,你
0.02603943991031467,一样
0.024158874917374545,什么
0.0238134612268722,我
0.02336105896630728,最
0.012004820599533035,z
0.010108632616588483,t
0.009577175316936281,是
