ratio,word
0.4412319324013494,虚拟
0.43482482020124286,2018-01-19
0.43482482020124286,19:47:20
0.3388234782859567,青蛙
0.2946428998195662,村庄
0.21733816736001976,旅行
0.21630593394907918,模拟
0.18312999325894752,回答
0.18080740200336096,人生
0.15637055740846445,类似
0.14755376775876733,家庭
0.1250324163311557,游戏
0.05354232576064728,数
0.01981063514853074,等
0.010406453699539166,z
0.008762731305978148,t
