ratio,word
0.49892755097455593,2018-01-19
0.49892755097455593,02:57:14
0.3887735022937631,青蛙
0.3137975714457209,请问
0.2570943119115233,玩法
0.2493785877357396,旅行
0.21012737728353917,回答
0.1706596199510844,报告
0.143464941223142,游戏
0.11565413235647397,了解
0.0704496499082751,哪
0.06143564080099693,数
0.05574531043860291,先
0.03680232248671534,位
0.03478830946330425,做
0.030044954275857256,你
0.025274186365743714,要
0.021308067175133418,个
0.01888195034629371,这个
0.011940593584879134,z
0.010054550401047354,t
