ratio,word
0.5300493686128581,2018-01-26
0.5300493686128581,07:34:34
0.41302419363633763,青蛙
0.3011225468530227,好玩
0.2649341827620099,旅行
0.22323458273623328,回答
0.18878437332784867,欢迎
0.08565406090790458,现在
0.06526783809249982,数
0.058596535846155956,啊
0.05234882238547849,受
0.03814356850836754,为什么
0.030638263015746455,因为
0.027001810451524756,那么
0.012685417107484404,z
0.010681727399802575,t
