ratio,word
0.5149731334154135,2018-01-31
0.5131361229896704,玄学
0.4012765145441201,青蛙
0.3719850126073689,明信片
0.325337107997641,攻略
0.25739863930571694,旅行
