ratio,word
0.6630294956682456,2018-01-31
0.5166447486243485,青蛙
0.33140154103319697,旅行
0.2834455369835072,青年
0.23074259630266172,感受
0.15770375177148488,佛
0.12194386624334655,弹
0.09002000351669573,系
0.0470659330334397,自身
