ratio,word
0.5273032186864545,2018-01-31
0.5004228297045521,呱呱
0.4108843432259397,青蛙
0.3091778209633862,蛙
0.2635615766811882,旅行
0.2390940256066781,女儿
0.23214975232753254,儿子
0.15702951831313933,呱
0.037945949259945155,为什么
0.019691181788834493,都
0.010067708111954078,是
