ratio,word
0.6259143033947046,攻略
0.49537701378816273,2018-01-31
0.38600685857107814,青蛙
0.27159778693070086,翻译
0.2476039253673928,旅行
0.23722967204104392,中文
0.1424439961826015,游戏
0.04680092194785456,带
