ratio,word
0.5900763616449838,蛙
0.5031880420734312,2018-01-31
0.3920933551316465,青蛙
0.25150810584157046,旅行
0.22815953013937046,女儿
0.22153283955390324,儿子
0.16841832114168426,忙
0.14893053364781023,补
0.12191562583916464,女
0.07848475766686086,天
0.06144740099950682,着
0.05817121382398827,因为
0.03621056583021396,为什么
0.01879064428075747,都
0.00960728126340775,是
