ratio,word
0.47763945325267926,汉化
0.4653421301859879,青蛙
0.3732443312255777,汉化截
0.2998930743042762,汉化版
0.2985954649804622,2018-01-31
0.2985954649804622,lmao
0.17512236388775215,简介
0.1717202457520867,游戏
0.14924674978496344,旅行
0.1273065922080256,完整
0.1265279852015636,下载
0.10630348734098365,说明
0.08080147596039901,人员
0.07978241642061898,发布
0.07102191591327295,佛
0.04054052645202393,系
0.03608347241279443,图
0.030344284920296068,真
