ratio,word
0.45024222448898565,2018-01-31
0.3964379943894636,神灯
0.3508370025932771,青蛙
0.33562372833103704,wi-fi
0.31312352285714695,农药
0.3075758224483684,阿拉丁
0.25324973655783145,动画
0.22504423710966226,旅行
0.1885680049182202,观看
0.14758545577110702,视频
0.14345656424605321,建议
0.13104909696667988,环境
0.030448248022783116,小
0.023921149772773723,下
0.017578327254166803,与
0.007620353758139831,在
