ratio,word
0.5150822614603614,2018-01-31
0.4506969787778162,王文萍
0.40136154911907995,青蛙
0.3910598891510016,end
0.25745318469548006,旅行
0.24662455760976099,路上
0.24002020898637394,the
0.1747274033070033,编辑
0.04421320072667735,走
0.016357646385542657,我们
0.008717771975575002,在
