ratio,word
0.47859269002414784,美编
0.4765218641528759,2018-01-31
0.41846871962104354,刺猬
0.37131458001146567,青蛙
0.30150046311938083,宣传部
0.2381795699105548,旅行
0.1844103420295447,图片
0.13115472909965492,来自
0.09912981854057717,财
0.0819037806483906,游
0.06861303327146841,以上
0.0618185585829885,之
0.0611675331698172,组
0.03215899324171607,只
0.02869570460070575,你
0.02758975961219076,如果
0.018371460634657458,大
0.014133542432157609,也
0.009098148593149537,是
