ratio,word
0.6531506687786846,2018-01-31
0.5089469854503034,青蛙
0.2953352365186169,合辑
0.27152202659883984,便当
0.1798876757479965,还原
0.1632319071581885,旅行
0.14807838942743906,阅读
0.1445381131698863,谢谢
0.12280777083373277,现实
0.09763291120284383,到底
0.09390564033110343,游戏
0.0779358460699805,最近
0.06078290799577663,啥
0.05497962494096018,养
0.036384923731841365,版
0.03608841489427463,吗
0.03465488087781302,吃
0.025334058815715467,里
0.0220851049474443,小
0.019666063680357802,你
0.005505233653374681,了
