ratio,word
0.7338255277109557,2018-01-31
0.5718103157933371,青蛙
0.3667874692177993,旅行
