ratio,word
0.5071810003093942,2018-01-31
0.48377268262360573,娃子
0.39520474145392087,青蛙
0.33640550604875435,拿走
0.32041438507221015,攻略
0.25350390319496824,旅行
0.17935085758023925,強
0.12372404429295462,为了
0.11453474999681766,瓜
0.1053874382122358,谢
0.02362045490814317,最
0.013760160859493147,不
