ratio,word
0.551378270227113,2018-01-31
0.4296440651276112,青蛙
0.3574421143831905,二维码
0.3521343985516897,无敌
0.2755949918356477,旅行
0.2339251016622021,更新
0.20835574249710873,照片
0.19638095501146802,欢迎
0.09578609739918474,齐
0.08417144764747839,集
0.08075675142400149,飞
0.06826622172683813,按
0.06640697586379514,你
0.06443396702896972,共
0.06237778761829282,张
0.05209166083688561,带
0.05160099245994183,长
0.03502062270005538,我们
0.019746743328630467,就
0.00929484222888354,了
