ratio,word
0.7051824615838868,青蛙
0.4524934910332517,2018-01-31
0.33509542148810567,刷屏
0.27953855821313334,景点
0.2261694859966583,旅行
0.1301129832740994,游戏
0.11990421181665337,朋友
0.11708109024597317,知道
0.0626567439457414,圈
0.05000308082636276,吗
0.03297971891557586,去
0.03283811389735433,多少
0.030537392331258108,只
0.02959392860995731,过
0.027248738262021514,你
0.015051603987674822,这
