ratio,word
0.5757787198695304,2018-01-31
0.4581661710164843,受宠
0.4486573432007417,青蛙
0.28779105048195286,旅行
0.22889696083099412,元素
0.22864150463353253,话题
0.13695086705319337,佛
0.10728214235397254,成为
0.10327542606171523,遇
0.09728398296078417,中国
0.08740104819957979,冷
0.07817390135148411,系
0.06730431220125316,本国
0.03316328365846429,新
