ratio,word
0.5279619297338068,公众号
0.4223695437870455,2018-01-31
0.336093415669721,知心
0.32911809836831946,青蛙
0.32222521908844387,都市人
0.26789142231149327,触动
0.2409740437158295,柔软
0.21111265578832225,旅行
0.1969276197521853,内心
0.04635736229688086,话
0.04510301682645463,处
0.01967061218284782,最
