ratio,word
0.48113405654602964,美育
0.4215324190847913,2018-01-31
0.4215324190847913,crow
0.3284657954403366,青蛙
0.3198130296840201,绘图
0.21069423636931223,旅行
0.19029850467960882,微信
0.18489595734453668,自从
0.154939977249342,精彩
0.14818297887238416,孩子
0.14468118595145305,官方
0.10478631107991286,乖
0.0709658442058195,养
0.04796237454346628,我家
0.04306043855453774,变
0.019269931909261587,更
0.016713860793858143,多
0.01574136322316179,都
0.014211939575126505,了
