ratio,word
0.6999093987775405,青蛙
0.44910993184443976,2018-01-31
0.44895656823398106,旅行
0.19699222892893106,自从
0.1756492768083511,不好
0.1322585815543532,整个
0.08658838933090654,妈
0.08275455340864935,迷
0.049600153995381646,之后
0.0426420362056246,我
0.01896250033201214,人
0.016771195391428982,都
0.015141713721141993,了
0.014820678011186791,上
