ratio,word
0.5703338796560002,证券
0.5590437798682965,国海
0.3813632993680551,垃圾
0.3754683430337841,东北
0.2243701378842812,事情
0.09254494305311059,股
0.07913950147860432,啊
0.07274973069735677,真
0.0443174721012076,这么
0.040647997460621005,出
0.03057343676855423,个
0.027599330322227205,大
