ratio,word
0.743583163185889,功劳
0.48578977386727673,美股
0.45063442378654983,特朗普
0.072913208353445,股
0.04297176149512226,们
0.02153730682518494,是
0.019854963552553513,中
