ratio,word
0.49964345465630355,出门
0.48055398588144105,在家
0.43870740333981173,创业
0.4122218863928643,父母
0.25246422379798006,朋友
0.2458222642528292,靠
0.14629923406695322,败
0.0770851620238988,家
0.0743023852636501,天
