ratio,word
0.5654434141348889,赎回
0.47199983269462276,还给
0.3757229658067996,封闭
0.3416567124322257,早点
0.29609732799116606,不得
0.19259494768038637,僵
0.1385524135131609,傻
0.12737093902168783,仓
0.11688614756592328,巴
0.08493262374497602,期
0.07960904186690103,手
0.07893137867614806,加
0.0462260582057238,小
0.044705510658727195,过
0.041162793046672405,你
0.011522936019665898,了
