ratio,word
0.8842382777338359,段性
0.31587479385734607,一致
0.2715022819724477,操作
0.1279780373807554,弱
0.12092766414401927,跌
0.08935588958810048,那天
0.05338187674721879,怎么
0.05102227354034891,这么
0.013893603238709728,了
