ratio,word
0.7930204431097189,芳尘
0.5502284462658561,关灯
0.23853711472241854,腊
0.0832769586418062,面
0.06732175053214229,吃
