ratio,word
0.7215125163384003,股民
0.6704483948549633,a股
0.12909560490632813,美国
0.10733932742959461,市场
0.04160799002145822,里
