ratio,word
0.49661912750380227,有违
0.4628311682388263,低效
0.44956647371615605,关停
0.291211710150355,浪费
0.22762051776033004,所谓
0.22090683457865343,中央
0.2048922203096677,精神
0.19476440472461493,资源
0.1886291358517035,建议
0.14696105099272344,国家
0.11847810483877508,市场
0.022404947777472786,这个
