ratio,word
0.5821177434201319,兽药
0.4344740687883205,农药
0.39200544078540056,突击
0.30464937079474513,航空
0.23496489418936822,行情
0.20579999295799511,操作
0.1824111040753347,决定
0.17198283986163976,原因
0.1535002050982776,方式
0.14693890689927075,航
0.10281819981737716,进行
0.09655651547727143,盘
0.01694942318511363,不
0.011927916261545352,是
