ratio,word
0.4692711343893798,带有
0.45983795665128124,走势
0.4071203574782961,图片
0.3464290717516084,5日
0.3033855186419144,出来
0.21148277898141873,体
0.2023143116000083,影
0.1999483386450995,冰
0.155994198267746,颗
0.1117856875621405,下
0.0984529618601215,长
0.09460434997087902,均
0.06978437287761227,地
0.043631295889608505,会
0.0379923025421978,到
0.03471648848924024,上
