ratio,word
0.9621537445012656,名家
0.25164805206383645,赞
0.08504118800808327,这里
0.05416961066642437,都
0.027695840431324076,是
