ratio,word
0.6681581557825029,核对
0.39640959957831823,申请书
0.36733156885329354,无误
0.2580686804079148,身份证
0.20681158167394006,正确
0.20480157535060112,认真
0.18400178223450903,投资者
0.17109244291959683,交易
0.14221000515476345,是否
0.13469370272799616,内容
0.08065791563131469,时间
0.03493235508691233,内
0.0236165707331196,后
0.018096377060249625,及
0.008420894749355467,在
