ratio,word
0.6336279212103764,a股
0.5235214064154214,墓坑
0.3478020589335602,崩盘
0.3203282891680554,迎面
0.22965577270942292,早日
0.11219411729283384,希望
0.10144433997496126,市场
0.09420503171523949,砸
0.0895709091617951,顿
0.07202421493997305,可以
0.036307815818251245,就
0.028782317415337714,出
0.023172532113265306,更
0.019542726220514832,大
0.00967819764608492,是
