ratio,word
0.8060896810878063,向
0.5917932691331184,下
