ratio,word
0.7232641057938358,烽火
0.6026714042006841,涨停
0.32955468127708837,电子
0.053439662414745424,下
0.04295704986626795,个
0.019204281825977335,是
