ratio,word
0.883537089369146,流通市
0.34927262718947405,中小
0.30836011860256796,有利于
0.047800326084427934,小
