ratio,word
0.9719749414064668,专家
0.1821854450696345,你
0.12326783716811318,这样
0.08293476798458131,有
