ratio,word
0.7732929827403527,上市
0.48001268693344823,妈
0.3145273379763931,差
0.20673320515471744,没
0.14222488728233618,他
0.08916441177738565,就
0.041969915044187914,了
