ratio,word
0.7270107355581831,里层所
0.4772550126249693,护盘
0.2683213306845108,热点
0.21411524366132106,成长
0.19146943586988996,找到
0.18855443898160948,资金
0.1660350388223781,优势
0.12195919259215025,操
0.09239429915567644,管
0.03550893936248478,高
0.028140339924213942,来
0.019346448783469153,这
0.01491998857510059,和
