ratio,word
0.8957528382836507,斤斤计较
0.31438288928933944,稻
0.20501110299359213,论
0.1537054822778522,旁人
0.13329103029176265,花
0.10425779665544553,好
0.05770628447078521,说
0.03419220772829091,自己
