ratio,word
0.8886098429410737,后市
0.3597901235318026,还有
0.24147857618708155,脸
0.12414544407434798,别人
0.08485044680319884,说
