ratio,word
0.6853546068847401,欧元区
0.532148841541805,黄金
0.3360889855225326,一样
0.276429681082934,买
0.17761191915749863,别
0.1430883605453698,吗
0.049920707915232496,大
0.048353870183642525,都
0.024722368434395847,是
0.016608391161476475,和
