ratio,word
0.8738879714482343,过去
0.48612731030337897,股
