ratio,word
0.8691964213802326,早
0.4944668559127347,这么
