ratio,word
0.5520588803787821,爆发
0.54484333516037,输家
0.34164696391244465,概率
0.3319977703951785,反过来
0.3275763542199569,共识
0.12887479879054783,渐
0.11947468947284319,炒
0.1014994382921351,房
0.09018020366996461,金
0.0809666782499261,卖
0.05695337518416779,成
0.03979856846276408,高
0.03774206394590735,如果
0.02584677495840846,多
0.02334567289966105,就
0.017869713049399088,有
0.01768565287660614,不
0.012446027468839936,是
