ratio,word
0.48257244703598046,止血
0.4512961291457048,泰山
0.3583702266373375,拖累
0.3536867852872587,人心
0.2624447283932992,优质
0.24600914943737776,缺乏
0.23015620022293165,成长
0.19136098701850607,利用
0.1251150143011803,市场
0.11680684341405052,移
0.10860722946175265,齐
0.1000123880318907,杀
0.09800955287114772,错
0.09350414958593288,破
0.09217701854771382,商
0.08082038317415265,股
0.04614596845919431,才
0.04540629598478902,元
0.03305772258755073,被
0.031669820330200486,要
0.013542693552377645,而
