ratio,word
0.8479855809792871,醉
0.4780477900600443,心
0.21953114140617258,他
0.06478263776775006,了
