ratio,word
0.5927708975113204,试想想
0.4643469386726225,基金
0.4540491950816161,操守
0.3775518467436417,忽悠
0.2566983321635638,经理
0.09887480891232317,中国
0.062464708861064165,买
0.05555654714663192,哪个
0.032083883940768484,有
0.024708300014261345,人
