ratio,word
0.7909650887371521,规律
0.6118612637711998,行情
