ratio,word
0.9538786722650328,黄斌汉
0.21925584523023914,疯
0.16803942602357627,涨
0.09320968679052284,它
0.06913266250463067,又
0.018377120428046956,了
