ratio,word
0.6045231489886976,回调
0.5372899540537536,拖累
0.37975744282291324,等待
0.27947784910237794,空间
0.21324930453408908,还有
0.19658599769712917,磨
0.1519498825074862,时间
0.10361874356222507,啊
0.04449774276734383,我
0.04270382485335754,等
0.03500209674932139,都
0.017895873247097894,是
0.015863960254332378,在
