ratio,word
0.6351382864822154,顺落
0.46429245352561094,文峰
0.33318581730976154,白酒
0.2652727676183003,形态
0.23728566909074186,板块
0.1743397839758256,突破
0.1697330030721762,怂
0.1664783979493901,电子
0.1291432263881551,不要
0.1245467814317655,继续
0.08555469118634178,爆
0.08156326628897538,退
0.07832211092092699,涨
0.0639325116083615,拉
0.006517273758445915,和
