ratio,word
0.6185137816571964,嘿嘿嘿
0.5996675682036073,兜底
0.36442610822969423,害怕
0.23954498097082771,确实
0.2075693709929084,政府
0.1394031318030339,需要
0.06644722114934185,呢
0.019042520386822036,有
0.018846380158765632,不
