ratio,word
0.6894088784588195,关门
0.5379361408268072,好事
0.31908203400347684,政府
0.25701744931504694,美国
0.25565828826059855,世界
0.041133241226842254,对
0.02038809686303933,是
