ratio,word
0.8476668400446893,做空
0.28846490350860565,势力
0.2817863595992655,成交量
0.24396339868375044,股市
0.17664202193468198,中国
0.1217471999611764,时候
0.10444674680411732,斗
0.03503434052680075,一切
0.025176059688729754,什么
0.022070960849886846,人
0.006704802387447192,和
