ratio,word
0.7833822121780285,理性
0.6215402542742127,评论
