ratio,word
0.6903099792025901,3000点
0.588185198900903,他妈的
0.32217402895075764,股市
0.18086862648127947,成功
0.12096706450205441,牛
0.11663526618285126,中国
0.07398585222621105,站
0.07015164377535893,真
0.04579119251147364,地
0.011683502697394326,在
0.01163687923912755,了
