ratio,word
0.6135877088172333,杀跌
0.6037160903965175,波段
0.3235318478258703,馈
0.2598154888882538,基本
0.24654724779057238,结束
0.1543875122902041,证
0.047318068110467154,同时
