ratio,word
0.5014231026458231,股份
0.33362850870459426,钢铁
0.3109862727742081,新钢
0.2840144873195448,马钢
0.2659059825675721,特钢
0.25763738548266396,方大
0.2511893602201613,南钢
0.25071071816357554,包钢
0.2417715718572863,安阳
0.19926286824248335,华泰
0.14985905677131756,介入
0.14358538803163332,总部
0.13905139748423476,板块
0.12870889430285237,看好
0.10239143459059874,交易
0.08293968104461126,昨天
0.03849258973427295,股
0.017239601101724567,如果
0.016156699922571103,不
0.012839214496240552,这些
0.012349229520751853,会
