ratio,word
0.6937209864916117,a股
0.45832833804769285,自欺欺人
0.3256203344442037,阶段性
0.26446091835550956,不知
0.19497783927009704,恬
0.19128111716270288,真是
0.14600130401637434,耻
0.14306939913707145,底部
0.11106528807472651,市场
0.06132806282676025,吗
0.015213594518705142,有
