ratio,word
0.47277757449576774,绝望
0.4154451986630708,境外
0.3591595489969783,地产
0.28337178090744053,为主
0.28330622177059156,完善
0.2820500087637268,行情
0.2565138467577978,报告
0.2336144748671284,提出
0.2316516490512266,产生
0.2295117887916855,调整
0.0758117844530619,总
0.03818623570110029,以
0.026399482526464485,中
0.012692478529063425,在
